"Timestamp","1.  What is your gender? ","2. What age group do you fall under?","3. What class of seat do you typically travel in during your flights? ","4. During your flights, which devices did you use?  ","5. How frequently did you use each device during your flights?  ","6. Approximately how many megabytes of data did you use per flight for internet purposes?   ","7. Did you connect any USB devices to the system during your flights?  ","7.1. If yes, please specify the type of USB devices used (e.g., charging, data transfer)  ","8. Was your flight domestic or international?","9. What was the duration of your flight?  ","10. How often do you typically travel by air in a year? ","11. Do you have frequent flyer status with any airline?   ","12. What is the primary purpose of your recent air travel?  "
"2024/08/26 7:28:30 pm EEST","Male","18-24 years","Economy","Smartphone;Laptop","Occasionally","100-500 MB","No","","International","8-10 hours","Less than 5 times","Yes","Leisure"
"2024/08/26 7:33:56 pm EEST","Female","18-24 years","Economy","Smartphone","Occasionally","0-100 MB","No","","International","8-10 hours","Less than 5 times","No","Leisure"
"2024/08/26 7:39:01 pm EEST","Female","18-24 years","Business","Smartphone","Occasionally","500-1000 MB","No","","International","8-10 hours","6-10 times","Yes","Leisure"
"2024/08/26 9:01:29 pm EEST","Female","18-24 years","Economy;Business","Smartphone","Frequently","500-1000 MB","Yes","Charging only ","International","8-10 hours","Around 10-16 ","Yes","Leisure"
"2024/08/26 9:18:02 pm EEST","Male","25-34 years","Economy","Smartphone;Tablet;Laptop","Frequently","0-100 MB","No","","Domestic","Less than 1 hour","6-10 times","No","Leisure"
"2024/08/26 9:21:20 pm EEST","Male","25-34 years","Economy","Smartphone","Occasionally","0-100 MB","Yes","Charging","Domestic","1-3 hours","Less than 5 times","No","Emergencies"
"2024/08/26 9:27:01 pm EEST","Female","18-24 years","Economy","Smartphone;Tablet","Frequently","500-1000 MB","No","","International","8-10 hours","Less than 5 times","No","Leisure"
"2024/08/26 9:28:49 pm EEST","Female","18-24 years","Economy","Smartphone","Occasionally","100-500 MB","Yes","Charging ","International","8-10 hours","Less than 5 times","Yes","Leisure"
"2024/08/27 4:50:16 pm EEST","Male","18-24 years","Economy","Smartphone","Rarely","100-500 MB","No","","Domestic","1-3 hours","Less than 5 times","No","Leisure"
"2024/09/18 9:14:16 pm EEST","Male","18-24 years","Economy","Smartphone","Rarely","0-100 MB","No","","Domestic","1-3 hours","Less than 5 times","No","Leisure"
"2024/09/20 8:18:03 pm EEST","Male","18-24 years","Economy","Smartphone","Rarely","0-100 MB","No","","Domestic","1-3 hours","Less than 5 times","No","Leisure"
"2024/10/01 9:02:29 pm EEST","Female","18-24 years","Business","Laptop","Frequently","500-1000 MB","Yes","Charging ","International","8-10 hours","Less than 5 times","No","Business"
"2024/10/01 9:03:06 pm EEST","Male","25-34 years","Economy","Smartphone","Rarely","0-100 MB","No","","Domestic","1-3 hours","Less than 5 times","No","Leisure"
"2024/10/01 9:11:20 pm EEST","Male","18-24 years","Economy","Smartphone","Rarely","0-100 MB","No","","Domestic","1-3 hours","Less than 5 times","No","Leisure"
"2024/10/01 9:22:15 pm EEST","Male","25-34 years","Business","Smartphone;Tablet;Laptop","Frequently","2GB ","No","","International","8-10 hours","Less than 5 times;6-10 times","No","Business;Leisure"
"2024/10/01 10:39:48 pm EEST","Female","18-24 years","Economy","No devices used","Rarely","I did not use any data","No","","Domestic","Less than 1 hour","Less than 5 times","No","Leisure"
"2024/10/01 11:05:53 pm EEST","Female","18-24 years","Economy","Smartphone","Frequently","100-500 MB","No","","Domestic","1-3 hours","6-10 times","Yes","Leisure"
"2024/10/08 9:11:39 pm EEST","Female","25-34 years","Economy","Laptop","Occasionally","500-1000 MB","Yes","Charging","Domestic","Less than 1 hour","Less than 5 times","No","Leisure"
"2024/10/08 9:13:21 pm EEST","Male","18-24 years","Economy","Smartphone","Occasionally","500-1000 MB","No","","Domestic","4-6 hours","Less than 5 times","No","Leisure"
"2024/10/08 9:15:58 pm EEST","Female","18-24 years","Economy","Laptop","Rarely","500-1000 MB","Yes","Charging","Domestic","1-3 hours","Less than 5 times","No","Leisure"
"2024/10/08 9:17:28 pm EEST","Female","25-34 years","Business","Laptop","Occasionally","100-500 MB","No","","Domestic","4-6 hours","Less than 5 times","No","Leisure"
"2024/10/08 9:19:12 pm EEST","Male","25-34 years","Business","Smartphone","Frequently","500-1000 MB","Yes","Charging","International","8-10 hours","Less than 5 times","Yes","Business"
"2024/10/08 9:20:21 pm EEST","Female","18-24 years","Economy","Smartphone","Rarely","100-500 MB","Yes","Charging","Domestic","1-3 hours","Less than 5 times","No","Leisure"
"2024/10/08 9:21:18 pm EEST","Female","18-24 years","Economy","Tablet","Occasionally","100-500 MB","No","","Domestic","4-6 hours","Less than 5 times","No","Leisure"
"2024/10/08 9:22:12 pm EEST","Male","25-34 years","First Class","Laptop","Frequently","500-1000 MB","Yes","Charging","International","8-10 hours","Less than 5 times","No","Business"
"2024/10/08 9:23:20 pm EEST","Male","18-24 years","Economy","Laptop","Occasionally","0-100 MB","No","","Domestic","Less than 1 hour","Less than 5 times","No","Leisure"
"2024/10/08 9:24:03 pm EEST","Female","25-34 years","Economy","Laptop","Rarely","0-100 MB","No","","Domestic","Less than 1 hour","Less than 5 times","No","Leisure"
"2024/10/08 9:24:57 pm EEST","Male","25-34 years","Economy","Smartphone","Occasionally","0-100 MB","No","","Domestic","1-3 hours","Less than 5 times","No","Leisure"
"2024/10/08 9:25:52 pm EEST","Female","25-34 years","Business","Laptop","Frequently","500-1000 MB","Yes","Charging","International","8-10 hours","6-10 times","Yes","Business"
"2024/10/08 9:26:37 pm EEST","Female","18-24 years","Economy","Smartphone","Occasionally","0-100 MB","No","","Domestic","1-3 hours","Less than 5 times","No","Leisure"
"2024/10/08 9:27:22 pm EEST","Male","18-24 years","Economy","Smartphone","Rarely","0-100 MB","No","","Domestic","Less than 1 hour","Less than 5 times","No","Leisure"
"2024/10/08 9:28:16 pm EEST","Male","25-34 years","Economy","Smartphone","Frequently","500-1000 MB","Yes","Charging","Domestic","4-6 hours","Less than 5 times","No","Leisure"
"2024/10/08 9:29:15 pm EEST","Female","18-24 years","Economy","Laptop","Rarely","100-500 MB","No","","Domestic","1-3 hours","Less than 5 times","No","Leisure"
"2024/10/08 9:29:59 pm EEST","Male","25-34 years","Economy","Smartphone","Frequently","100-500 MB","No","","Domestic","1-3 hours","Less than 5 times","No","Leisure"
"2024/10/08 9:31:16 pm EEST","Female","18-24 years","Economy","Tablet","Rarely","100-500 MB","No","","Domestic","Less than 1 hour","Less than 5 times","No","Leisure"
"2024/10/08 9:32:50 pm EEST","Female","18-24 years","Economy","Smartphone","Frequently","500-1000 MB","No","","Domestic","4-6 hours","Less than 5 times","No","Business"
"2024/10/08 9:35:10 pm EEST","Male","25-34 years","Economy","Laptop","Occasionally","100-500 MB","Yes","Charging","Domestic","1-3 hours","Less than 5 times","No","Leisure"
"2024/10/08 9:36:14 pm EEST","Male","25-34 years","Economy","Smartphone","Occasionally","0-100 MB","No","","Domestic","Less than 1 hour","Less than 5 times","No","Leisure"
"2024/10/08 9:37:17 pm EEST","Female","25-34 years","Business","Laptop","Frequently","500-1000 MB","Yes","Charging","International","8-10 hours","Less than 5 times","Yes","Business"
"2024/10/08 9:38:22 pm EEST","Male","25-34 years","Business","Laptop","Frequently","500-1000 MB","Yes","Charging","International","8-10 hours","Less than 5 times","Yes","Business"
"2024/10/08 9:39:27 pm EEST","Female","18-24 years","Economy","Smartphone","Rarely","0-100 MB","No","","Domestic","Less than 1 hour","Less than 5 times","No","Leisure"
"2024/10/08 9:42:03 pm EEST","Female","25-34 years","Economy","ipad","Rarely","0-100 MB","No","","Domestic","1-3 hours","Less than 5 times","No","Leisure"
"2024/10/08 9:43:41 pm EEST","Female","18-24 years","Economy","Smartphone","Occasionally","100-500 MB","No","","International","8-10 hours","6-10 times","No","Leisure"
"2024/10/08 9:44:31 pm EEST","Male","25-34 years","Economy","Smartphone","Occasionally","0-100 MB","No","","Domestic","4-6 hours","Less than 5 times","No","Leisure"
"2024/10/08 9:45:23 pm EEST","Female","18-24 years","Economy","Smartphone","Occasionally","0-100 MB","No","","Domestic","Less than 1 hour","Less than 5 times","No","Leisure"
"2024/10/08 9:46:32 pm EEST","Female","25-34 years","Economy","Laptop","Frequently","500-1000 MB","Yes","Charging","Domestic","4-6 hours","6-10 times","No","Leisure"
"2024/10/08 9:48:15 pm EEST","Male","25-34 years","Economy","Tablet","Rarely","0-100 MB","No","","Domestic","1-3 hours","Less than 5 times","No","Emergency "
"2024/10/08 9:50:21 pm EEST","Female","18-24 years","Economy","None","Rarely","0-100 MB","No","","Domestic","Less than 1 hour","Less than 5 times","No","Leisure"
"2024/10/08 9:52:51 pm EEST","Male","25-34 years","First Class","Laptop","Frequently","100-500 MB","Yes","Earphones","International","8-10 hours","6-10 times","Yes","Leisure"
"2024/10/08 9:55:01 pm EEST","Male","25-34 years","Economy","None","Rarely","0-100 MB","No","","Domestic","Less than 1 hour","Less than 5 times","No","Leisure"
"2024/10/08 9:56:21 pm EEST","Male","25-34 years","Economy","None","Rarely","0-100 MB","No","","Domestic","Less than 1 hour","6-10 times","No","Leisure"
"2024/10/08 9:57:29 pm EEST","Female","18-24 years","Economy","Smartphone","Occasionally","0-100 MB","Yes","Earphones","Domestic","Less than 1 hour","Less than 5 times","No","Leisure"
"2024/10/08 9:58:30 pm EEST","Male","18-24 years","Economy","None","Rarely","0-100 MB","No","","Domestic","Less than 1 hour","6-10 times","No","Leisure"
"2024/10/09 8:15:22 am EEST","Female","25-34 years","Economy","Laptop","Occasionally","100-500 MB","No","","Domestic","Less than 1 hour","6-10 times","No","Leisure"
"2024/10/09 8:16:29 am EEST","Male","18-24 years","Economy","Smartphone","Occasionally","0-100 MB","No","","Domestic","Less than 1 hour","6-10 times","No","Leisure"
"2024/10/09 8:18:31 am EEST","Female","25-34 years","Economy","Laptop","Frequently","500-1000 MB","Yes","Charging","Domestic","1-3 hours","30","Yes","Work "
"2024/10/09 8:19:59 am EEST","Female","25-34 years","Economy","Smartphone","Frequently","100-500 MB","No","","Domestic","4-6 hours","40","Yes","Work "
"2024/10/09 8:21:27 am EEST","Male","25-34 years","Economy","Laptop","Frequently","100-500 MB","Yes","Earphone ","Domestic","1-3 hours","6-10 times","No","Leisure"
"2024/10/09 8:22:52 am EEST","Female","18-24 years","Economy","Smartphone","Frequently","100-500 MB","No","","Domestic","4-6 hours","Less than 5 times","No","Leisure"
"2024/10/09 8:24:01 am EEST","Male","25-34 years","Business","Smartphone","Frequently","100-500 MB","No","","International","8-10 hours","Less than 5 times","No","Leisure"
"2024/10/09 8:25:29 am EEST","Male","18-24 years","Economy","None ","Rarely","0-100 MB","No","","Domestic","1-3 hours","6-10 times","No","Leisure"
"2024/10/09 8:27:08 am EEST","Female","25-34 years","Economy","Laptop","Frequently","100-500 MB","Yes","Charging","Domestic","1-3 hours","6-10 times","No","Leisure"
"2024/10/09 8:28:28 am EEST","Male","25-34 years","Business","Smartphone","Frequently","500-1000 MB","Yes","Charging","International","8-10 hours","Less than 5 times","No","Business"
"2024/10/09 8:29:35 am EEST","Male","18-24 years","Economy","Smartphone","Occasionally","0-100 MB","No","","Domestic","Less than 1 hour","Less than 5 times","No","Leisure"
"2024/10/09 11:16:41 am EEST","Female","18-24 years","Economy","Smartphone","Occasionally","0-100 MB","No","","Domestic","1-3 hours","6-10 times","No","Leisure"
"2024/10/09 11:17:58 am EEST","Male","25-34 years","Economy","Laptop","Frequently","100-500 MB","Yes","Earphones ","Domestic","1-3 hours","15","No","Business"
"2024/10/09 11:19:47 am EEST","Male","25-34 years","Economy","Smartphone","Frequently","100-500 MB","Yes","Charging","Domestic","1-3 hours","35","No","Business"
"2024/10/09 11:20:39 am EEST","Female","18-24 years","Economy","None","Rarely","0-100 MB","No","","Domestic","1-3 hours","6-10 times","No","Leisure"
"2024/10/09 11:22:23 am EEST","Female","25-34 years","Business","Laptop","Occasionally","500-1000 MB","Yes","Charging and earphones","International","14","Less than 5 times","No","Business"
"2024/10/09 11:23:28 am EEST","Female","18-24 years","Economy","Smartphone","Occasionally","100-500 MB","No","","Domestic","1-3 hours","6-10 times","No","Leisure"
"2024/10/09 1:42:55 pm EEST","Male","25-34 years","Business","Laptop","Frequently","500-1000 MB","Yes","Charging","International","8-10 hours","Less than 5 times","No","Business"
"2024/10/09 1:43:46 pm EEST","Male","18-24 years","Economy","None ","Rarely","0-100 MB","No","","Domestic","Less than 1 hour","Less than 5 times","No","Leisure"
"2024/10/09 1:44:53 pm EEST","Male","25-34 years","Business","Laptop","Occasionally","100-500 MB","No","","International","8-10 hours","6-10 times","No","Business"
"2024/10/09 1:46:00 pm EEST","Female","18-24 years","Economy","Smartphone","Rarely","0-100 MB","No","","Domestic","1-3 hours","Less than 5 times","No","Leisure"
"2024/10/09 1:47:11 pm EEST","Female","25-34 years","Business","Smartphone","Occasionally","100-500 MB","No","","Domestic","1-3 hours","6-10 times","No","Business"
"2024/10/09 8:32:45 pm EEST","Male","18-24 years","Economy","Smartphone","Occasionally","0-100 MB","No","","Domestic","1-3 hours","6-10 times","No","Business"
"2024/10/09 8:34:27 pm EEST","Female","25-34 years","Business","Laptop","Occasionally","100-500 MB","Yes","Earphone ","Domestic","1-3 hours","6-10 times","Yes","Business"
"2024/10/09 8:35:25 pm EEST","Female","18-24 years","Economy","None ","Rarely","0-100 MB","No","","Domestic","1-3 hours","Less than 5 times","No","Leisure"
"2024/10/09 8:38:22 pm EEST","Male","25-34 years","Economy","Smartphone","Occasionally","0-100 MB","No","","Domestic","1-3 hours","Less than 5 times","No","Leisure"
"2024/10/09 8:39:20 pm EEST","Male","25-34 years","Economy","None ","Rarely","0-100 MB","No","","Domestic","Less than 1 hour","Less than 5 times","No","Emergency "
"2024/10/09 8:40:49 pm EEST","Male","25-34 years","Business","Laptop","Occasionally","100-500 MB","Yes","Charging and earphones ","International","8-10 hours","Less than 5 times","No","Business"
"2024/10/09 8:41:49 pm EEST","Female","25-34 years","Economy","None ","Rarely","0-100 MB","No","","Domestic","1-3 hours","Less than 5 times","No","Leisure"
"2024/10/09 8:43:07 pm EEST","Male","25-34 years","Economy","Laptop","Rarely","0-100 MB","Yes","Earphone ","Domestic","Less than 1 hour","6-10 times","No","Work"
"2024/10/09 8:44:06 pm EEST","Female","18-24 years","Economy","Laptop","Rarely","0-100 MB","Yes","Earphone ","Domestic","Less than 1 hour","6-10 times","No","Business"
"2024/10/09 8:45:10 pm EEST","Male","25-34 years","Economy","None ","Rarely","0-100 MB","No","","Domestic","Less than 1 hour","Less than 5 times","No","Leisure"
"2024/10/09 8:46:12 pm EEST","Female","18-24 years","Economy","Laptop","Occasionally","100-500 MB","Yes","Charging ","Domestic","1-3 hours","Less than 5 times","No","Business"
"2024/10/09 8:47:18 pm EEST","Female","25-34 years","Economy","None ","Rarely","0-100 MB","No","","Domestic","Less than 1 hour","Less than 5 times","No","Leisure"
"2024/10/09 8:48:25 pm EEST","Female","18-24 years","Economy","Smartphone","Rarely","0-100 MB","No","","Domestic","1-3 hours","12","Yes","Business"
"2024/10/09 8:49:33 pm EEST","Female","18-24 years","Economy","Smartphone","Frequently","100-500 MB","Yes","Earphone ","Domestic","1-3 hours","Less than 5 times","No","Business"
"2024/10/09 8:50:14 pm EEST","Male","25-34 years","Economy","Smartphone","Rarely","0-100 MB","No","","Domestic","Less than 1 hour","Less than 5 times","No","Leisure"
"2024/10/09 8:51:15 pm EEST","Male","25-34 years","Business","Laptop","Occasionally","100-500 MB","Yes","Charging and earphones ","International","8-10 hours","Less than 5 times","No","Business"
"2024/10/09 8:52:32 pm EEST","Female","25-34 years","Economy","Smartphone","Occasionally","100-500 MB","Yes","Earphone ","International","8-10 hours","Less than 5 times","No","Leisure"
"2024/10/09 8:53:23 pm EEST","Male","25-34 years","Economy","Smartphone","Occasionally","0-100 MB","No","","Domestic","1-3 hours","Less than 5 times","No","Leisure"
"2024/10/09 8:54:30 pm EEST","Male","25-34 years","Business","Tablet","Occasionally","0-100 MB","Yes","Earphone ","Domestic","Less than 1 hour","Less than 5 times","No","Leisure"
"2024/10/09 8:55:33 pm EEST","Female","25-34 years","Economy","Laptop","Frequently","100-500 MB","Yes","Charging ","Domestic","1-3 hours","Less than 5 times","No","Business"
"2024/10/09 8:56:20 pm EEST","Female","18-24 years","Economy","Smartphone","Frequently","100-500 MB","Yes","Earphone ","Domestic","Less than 1 hour","6-10 times","No","Business"
"2024/10/09 8:57:06 pm EEST","Female","25-34 years","Economy","None ","Occasionally","0-100 MB","No","","Domestic","1-3 hours","Less than 5 times","No","Leisure"
"2024/10/09 8:57:54 pm EEST","Male","25-34 years","Economy","Smartphone","Frequently","100-500 MB","Yes","Earphone ","Domestic","1-3 hours","6-10 times","Yes","Business"
"2024/10/09 8:58:31 pm EEST","Male","25-34 years","Business","Smartphone","Occasionally","0-100 MB","No","","International","8-10 hours","Less than 5 times","Yes","Business"
"2024/10/09 8:59:25 pm EEST","Male","18-24 years","Economy","Smartphone","Rarely","0-100 MB","No","","Domestic","Less than 1 hour","6-10 times","No","Work"
"2024/10/09 9:00:00 pm EEST","Female","25-34 years","Economy","Smartphone","Rarely","0-100 MB","No","","Domestic","Less than 1 hour","Less than 5 times","No","Emergency "
"2024/10/09 9:00:31 pm EEST","Male","18-24 years","Economy","Smartphone","Occasionally","0-100 MB","No","","Domestic","Less than 1 hour","Less than 5 times","No","Emergency "
"2024/10/09 9:01:06 pm EEST","Male","25-34 years","Economy","Smartphone","Occasionally","0-100 MB","No","","Domestic","Less than 1 hour","Less than 5 times","No","Leisure"
"2024/10/09 9:01:54 pm EEST","Male","25-34 years","Business","Smartphone","Frequently","500-1000 MB","Yes","Charging and earphones ","International","8-10 hours","Less than 5 times","No","Business"
"2024/10/09 9:02:28 pm EEST","Male","18-24 years","Economy","Smartphone","Occasionally","0-100 MB","No","","Domestic","4-6 hours","Less than 5 times","No","Leisure"
"2024/10/09 9:04:19 pm EEST","Male","25-34 years","Business","Smartphone","Occasionally","100-500 MB","Yes","Earphone, charging ","Domestic","4-6 hours","Less than 5 times","No","Business"
"2024/10/09 9:04:56 pm EEST","Female","25-34 years","Economy","Smartphone","Occasionally","0-100 MB","Yes","Earphone ","Domestic","Less than 1 hour","Less than 5 times","No","Leisure"
"2024/10/09 10:01:54 pm EEST","Male","18-24 years","Economy","Smartphone","Occasionally","0-100 MB","Yes","Earphone ","Domestic","Less than 1 hour","Less than 5 times","No","Leisure"
"2024/10/09 10:02:52 pm EEST","Female","18-24 years","Economy","Laptop","Occasionally","0-100 MB","Yes","Charging ","Domestic","Less than 1 hour","Less than 5 times","No","Leisure"
"2024/10/09 10:04:11 pm EEST","Female","25-34 years","Business","Smartphone;Laptop","Occasionally","100-500 MB","Yes","Earphone, charging ","International","8-10 hours","Less than 5 times","No","Business"
"2024/10/09 10:04:46 pm EEST","Male","25-34 years","Economy","Smartphone","Occasionally","0-100 MB","No","","Domestic","Less than 1 hour","6-10 times","No","Business"
"2024/10/09 10:05:39 pm EEST","Male","25-34 years","Business","Smartphone","Frequently","0-100 MB","Yes","Earphone ","Domestic","1-3 hours","Less than 5 times","No","Leisure"
"2024/10/09 10:06:18 pm EEST","Female","18-24 years","Economy","Smartphone","Frequently","100-500 MB","Yes","Earphone ","Domestic","1-3 hours","Less than 5 times","No","Leisure"
"2024/10/09 10:06:50 pm EEST","Male","18-24 years","Economy","Smartphone","Occasionally","0-100 MB","No","","Domestic","Less than 1 hour","Less than 5 times","No","Leisure"
"2024/10/09 10:08:06 pm EEST","Male","25-34 years","Business","Smartphone;Laptop","Frequently","100-500 MB","Yes","Earphone and charging","International","8-10 hours","Less than 5 times","No","Business"
"2024/10/09 10:09:18 pm EEST","Male","25-34 years","First Class","Laptop","Occasionally","100-500 MB","Yes","Charging, earphone ","International","8-10 hours","Less than 5 times","No","Business"
"2024/10/09 10:09:52 pm EEST","Male","18-24 years","Economy","Smartphone","Occasionally","0-100 MB","No","","Domestic","Less than 1 hour","Less than 5 times","No","Leisure"
"2024/10/09 10:10:34 pm EEST","Female","18-24 years","Economy","Smartphone","Occasionally","0-100 MB","Yes","Earphone ","Domestic","Less than 1 hour","Less than 5 times","No","Leisure"
"2024/10/09 10:11:24 pm EEST","Female","25-34 years","Economy","Laptop","Rarely","0-100 MB","Yes","Earphone ","Domestic","1-3 hours","Less than 5 times","No","Business"
"2024/10/09 10:12:06 pm EEST","Female","18-24 years","Economy","Smartphone","Rarely","0-100 MB","No","","Domestic","Less than 1 hour","Less than 5 times","No","Leisure"
"2024/10/09 10:12:54 pm EEST","Female","18-24 years","Economy","None ","Rarely","0-100 MB","No","","Domestic","Less than 1 hour","Less than 5 times","No","Leisure"
"2024/10/09 10:14:09 pm EEST","Male","25-34 years","Economy","Smartphone","Occasionally","0-100 MB","No","","Domestic","Less than 1 hour","Less than 5 times","No","Leisure"
"2024/10/10 7:39:58 am EEST","Female","18-24 years","Economy","Smartphone","Occasionally","0-100 MB","Yes","Earphone","Domestic","Less than 1 hour","Less than 5 times","No","Leisure"
"2024/10/10 7:40:54 am EEST","Female","25-34 years","Economy","Smartphone","Occasionally","0-100 MB","Yes","Earphone ","Domestic","Less than 1 hour","Less than 5 times","No","Leisure"
"2024/10/10 7:41:43 am EEST","Female","25-34 years","Economy","Smartphone","Occasionally","0-100 MB","Yes","Earphone ","Domestic","Less than 1 hour","Less than 5 times","No","Leisure"
"2024/10/10 7:42:26 am EEST","Male","18-24 years","Economy","Laptop","Occasionally","0-100 MB","No","","Domestic","Less than 1 hour","Less than 5 times","No","Leisure"
"2024/10/10 7:43:01 am EEST","Female","18-24 years","Economy","Laptop","Occasionally","0-100 MB","No","","Domestic","Less than 1 hour","Less than 5 times","No","Leisure"
"2024/10/10 7:43:44 am EEST","Female","25-34 years","Economy","Smartphone","Occasionally","0-100 MB","No","","Domestic","Less than 1 hour","Less than 5 times","No","Leisure"
"2024/10/10 7:44:17 am EEST","Male","18-24 years","Economy","Smartphone","Occasionally","0-100 MB","No","","Domestic","Less than 1 hour","Less than 5 times","No","Leisure"
"2024/10/10 7:44:51 am EEST","Male","18-24 years","Economy","Smartphone","Rarely","0-100 MB","No","","Domestic","Less than 1 hour","Less than 5 times","No","Leisure"
"2024/10/10 7:46:02 am EEST","Male","25-34 years","Business","Laptop","Occasionally","100-500 MB","Yes","Earphone ","Domestic","1-3 hours","Less than 5 times","No","Business"
"2024/10/10 7:46:44 am EEST","Female","25-34 years","Economy","Smartphone","Occasionally","0-100 MB","No","","Domestic","1-3 hours","Less than 5 times","No","Leisure"
"2024/10/10 7:47:21 am EEST","Female","18-24 years","Economy","Smartphone","Occasionally","0-100 MB","No","","Domestic","Less than 1 hour","Less than 5 times","No","Leisure"
"2024/10/10 7:47:53 am EEST","Female","18-24 years","Economy","Smartphone","Occasionally","0-100 MB","No","","Domestic","Less than 1 hour","Less than 5 times","No","Leisure"
"2024/10/10 7:48:40 am EEST","Female","25-34 years","Economy","None ","Rarely","0-100 MB","No","","Domestic","Less than 1 hour","Less than 5 times","No","Leisure"
"2024/10/10 7:49:12 am EEST","Female","18-24 years","Economy","Smartphone","Occasionally","0-100 MB","No","","Domestic","1-3 hours","Less than 5 times","No","Leisure"
"2024/10/10 7:49:59 am EEST","Female","25-34 years","Economy","Smartphone","Occasionally","0-100 MB","No","","Domestic","Less than 1 hour","6-10 times","No","Business"
"2024/10/10 7:50:32 am EEST","Male","25-34 years","Economy","Smartphone","Occasionally","0-100 MB","No","","Domestic","Less than 1 hour","6-10 times","No","Business"
"2024/10/10 7:51:20 am EEST","Male","25-34 years","Economy","Laptop","Occasionally","0-100 MB","Yes","Earphone ","Domestic","1-3 hours","Less than 5 times","No","Business"
"2024/10/10 7:52:12 am EEST","Female","18-24 years","Economy","Smartphone","Rarely","0-100 MB","No","","Domestic","Less than 1 hour","Less than 5 times","No","Leisure"
"2024/10/10 7:52:56 am EEST","Male","25-34 years","Economy","Smartphone","Occasionally","0-100 MB","No","","Domestic","Less than 1 hour","Less than 5 times","No","Business"
"2024/10/10 7:53:41 am EEST","Male","18-24 years","Economy","Smartphone","Occasionally","0-100 MB","No","","Domestic","Less than 1 hour","Less than 5 times","No","Business"
"2024/10/10 7:54:15 am EEST","Female","25-34 years","Economy","Smartphone","Occasionally","0-100 MB","No","","Domestic","Less than 1 hour","Less than 5 times","No","Business"
"2024/10/10 7:55:03 am EEST","Female","18-24 years","Economy","None ","Occasionally","0-100 MB","No","","Domestic","Less than 1 hour","Less than 5 times","No","Leisure"
"2024/10/10 7:56:11 am EEST","Female","25-34 years","Business","Laptop","Occasionally","100-500 MB","Yes","Charging ","International","8-10 hours","Less than 5 times","No","Business"
"2024/10/10 7:56:54 am EEST","Female","25-34 years","Economy","Smartphone","Occasionally","0-100 MB","Yes","Earphone ","Domestic","1-3 hours","Less than 5 times","No","Leisure"
"2024/10/10 7:57:36 am EEST","Female","25-34 years","Economy","Smartphone","Occasionally","0-100 MB","Yes","Earphone ","Domestic","Less than 1 hour","Less than 5 times","No","Leisure"
"2024/10/10 7:58:12 am EEST","Male","25-34 years","Economy","Smartphone","Occasionally","0-100 MB","No","","Domestic","Less than 1 hour","Less than 5 times","No","Business"
"2024/10/10 7:58:57 am EEST","Male","18-24 years","Economy","Smartphone","Occasionally","0-100 MB","No","","Domestic","Less than 1 hour","6-10 times","No","Business"
"2024/10/10 7:59:38 am EEST","Female","25-34 years","Economy","Smartphone","Occasionally","0-100 MB","Yes","Earphone ","Domestic","1-3 hours","Less than 5 times","No","Business"
"2024/10/10 8:00:24 am EEST","Female","18-24 years","Economy","Laptop","Occasionally","100-500 MB","Yes","Earphone ","Domestic","1-3 hours","Less than 5 times","No","Business"
"2024/10/10 8:01:02 am EEST","Male","18-24 years","Economy","Smartphone","Occasionally","0-100 MB","No","","Domestic","1-3 hours","Less than 5 times","No","Leisure"
"2024/10/10 8:01:39 am EEST","Male","25-34 years","Economy","Smartphone","Occasionally","0-100 MB","No","","Domestic","Less than 1 hour","6-10 times","No","Business"
"2024/10/10 8:02:33 am EEST","Female","25-34 years","Economy","Smartphone","Occasionally","0-100 MB","No","","Domestic","Less than 1 hour","Less than 5 times","No","Leisure"
"2024/10/10 8:03:24 am EEST","Male","25-34 years","Economy","None ","Occasionally","0-100 MB","No","","Domestic","Less than 1 hour","Less than 5 times","No","Leisure"
"2024/10/10 8:04:04 am EEST","Female","25-34 years","Economy","Laptop","Occasionally","0-100 MB","Yes","Earphone ","Domestic","1-3 hours","Less than 5 times","No","Business"
"2024/10/11 7:17:43 am EEST","Male","18-24 years","Economy","Smartphone","Occasionally","0-100 MB","No","","Domestic","Less than 1 hour","Less than 5 times","No","Leisure"
"2024/10/11 7:18:26 am EEST","Female","25-34 years","Economy","Laptop","Occasionally","0-100 MB","Yes","Earphone ","Domestic","1-3 hours","Less than 5 times","No","Leisure"
"2024/10/11 7:18:59 am EEST","Male","25-34 years","Economy","Smartphone","Occasionally","0-100 MB","No","","Domestic","Less than 1 hour","6-10 times","No","Business"
"2024/10/11 7:19:31 am EEST","Female","18-24 years","Economy","Smartphone","Rarely","0-100 MB","No","","Domestic","Less than 1 hour","Less than 5 times","No","Leisure"
"2024/10/11 7:20:13 am EEST","Female","18-24 years","Economy","Smartphone","Occasionally","0-100 MB","No","","Domestic","Less than 1 hour","Less than 5 times","No","Leisure"
"2024/10/11 7:21:05 am EEST","Male","25-34 years","Business","Laptop","Occasionally","100-500 MB","Yes","Charging ","International","8-10 hours","Less than 5 times","No","Business"
"2024/10/11 7:21:38 am EEST","Male","18-24 years","Economy","Smartphone","Occasionally","0-100 MB","No","","Domestic","Less than 1 hour","Less than 5 times","No","Leisure"
"2024/10/11 7:22:39 am EEST","Female","25-34 years","Business","Smartphone","Frequently","100-500 MB","Yes","Charging ","International","4-6 hours","Less than 5 times","No","Business"
"2024/10/11 7:23:17 am EEST","Female","25-34 years","Economy","None ","Rarely","0-100 MB","No","","Domestic","Less than 1 hour","Less than 5 times","No","Leisure"
"2024/10/11 7:23:45 am EEST","Male","18-24 years","Economy","Smartphone","Occasionally","0-100 MB","No","","Domestic","Less than 1 hour","Less than 5 times","No","Leisure"
"2024/10/11 7:24:23 am EEST","Male","25-34 years","Economy","Smartphone","Occasionally","0-100 MB","No","","Domestic","Less than 1 hour","Less than 5 times","No","Leisure"
"2024/10/11 7:24:56 am EEST","Female","25-34 years","Economy","Smartphone","Occasionally","0-100 MB","Yes","Earphone ","Domestic","1-3 hours","Less than 5 times","No","Business"
"2024/10/11 7:25:37 am EEST","Male","25-34 years","Economy","Smartphone","Occasionally","0-100 MB","No","","Domestic","Less than 1 hour","Less than 5 times","No","Leisure"
"2024/10/11 7:26:27 am EEST","Male","25-34 years","Business","Laptop","Frequently","100-500 MB","Yes","Charging ","International","8-10 hours","Less than 5 times","No","Business"
"2024/10/11 7:27:18 am EEST","Male","18-24 years","Economy","Smartphone","Occasionally","0-100 MB","Yes","Earphone ","Domestic","1-3 hours","Less than 5 times","No","Business"
"2024/10/11 7:28:24 am EEST","Male","18-24 years","Economy","Smartphone","Occasionally","0-100 MB","Yes","Earphone ","Domestic","1-3 hours","Less than 5 times","No","Business"
"2024/10/11 7:29:14 am EEST","Male","25-34 years","Business","Smartphone","Frequently","100-500 MB","Yes","Earphone ","International","8-10 hours","Less than 5 times","No","Business"
"2024/10/11 7:29:47 am EEST","Male","18-24 years","Economy","Smartphone","Occasionally","0-100 MB","No","","Domestic","Less than 1 hour","Less than 5 times","No","Leisure"
"2024/10/11 7:30:36 am EEST","Male","18-24 years","Economy","Smartphone","Occasionally","0-100 MB","No","","Domestic","Less than 1 hour","6-10 times","No","Business"
"2024/10/11 7:31:23 am EEST","Male","18-24 years","Economy","Smartphone","Occasionally","0-100 MB","No","","Domestic","1-3 hours","6-10 times","No","Business"
"2024/10/11 7:31:55 am EEST","Female","25-34 years","Economy","Smartphone","Occasionally","0-100 MB","No","","Domestic","Less than 1 hour","Less than 5 times","No","Leisure"
"2024/10/11 7:32:25 am EEST","Female","25-34 years","Economy","Smartphone","Occasionally","0-100 MB","No","","Domestic","Less than 1 hour","Less than 5 times","No","Leisure"
"2024/10/11 7:33:04 am EEST","Female","25-34 years","Economy","Smartphone","Occasionally","0-100 MB","Yes","Earphone ","Domestic","Less than 1 hour","Less than 5 times","No","Leisure"
"2024/10/12 10:06:00 pm EEST","Male","18-24 years","Economy","Smartphone","Rarely","0-100 MB","No","","Domestic","Less than 1 hour","Less than 5 times","No","Leisure"
"2024/10/12 10:06:34 pm EEST","Female","18-24 years","Economy","Laptop","Occasionally","0-100 MB","No","","Domestic","Less than 1 hour","Less than 5 times","No","Leisure"
"2024/10/12 10:07:11 pm EEST","Female","18-24 years","Economy","Laptop","Occasionally","0-100 MB","Yes","Earphone ","Domestic","Less than 1 hour","Less than 5 times","No","Leisure"
"2024/10/12 10:07:48 pm EEST","Female","18-24 years","Economy","None ","Rarely","0-100 MB","No","","Domestic","Less than 1 hour","Less than 5 times","No","Leisure"
"2024/10/12 10:08:16 pm EEST","Male","18-24 years","Economy","Smartphone","Occasionally","0-100 MB","No","","Domestic","1-3 hours","Less than 5 times","No","Leisure"
"2024/10/12 10:08:56 pm EEST","Female","18-24 years","Economy","Smartphone","Occasionally","0-100 MB","Yes","Earphone ","Domestic","Less than 1 hour","6-10 times","No","Business"
"2024/10/12 10:09:21 pm EEST","Female","18-24 years","Economy","Smartphone","Occasionally","0-100 MB","No","","Domestic","Less than 1 hour","Less than 5 times","No","Leisure"
"2024/10/12 10:10:05 pm EEST","Male","18-24 years","Business","Smartphone","Frequently","100-500 MB","Yes","Charging ","International","8-10 hours","Less than 5 times","No","Business"
"2024/10/12 10:10:34 pm EEST","Male","18-24 years","Economy","Tablet","Occasionally","0-100 MB","No","","Domestic","Less than 1 hour","Less than 5 times","No","Leisure"
"2024/10/12 10:11:03 pm EEST","Male","18-24 years","Economy","Smartphone","Occasionally","0-100 MB","No","","Domestic","Less than 1 hour","Less than 5 times","No","Leisure"
"2024/10/12 10:11:30 pm EEST","Male","18-24 years","Economy","Smartphone","Rarely","0-100 MB","No","","Domestic","Less than 1 hour","Less than 5 times","No","Leisure"
"2024/10/12 10:12:04 pm EEST","Male","18-24 years","Economy","Laptop","Occasionally","0-100 MB","No","","Domestic","Less than 1 hour","6-10 times","No","Business"
"2024/10/12 10:12:38 pm EEST","Male","18-24 years","Economy","Laptop","Occasionally","0-100 MB","Yes","Earphone ","Domestic","1-3 hours","Less than 5 times","No","Business"
"2024/10/12 10:13:04 pm EEST","Female","18-24 years","Economy","Smartphone","Occasionally","0-100 MB","No","","Domestic","Less than 1 hour","Less than 5 times","No","Leisure"
"2024/10/12 10:13:30 pm EEST","Female","18-24 years","Economy","Smartphone","Rarely","0-100 MB","No","","Domestic","Less than 1 hour","Less than 5 times","No","Leisure"
"2024/10/12 10:14:03 pm EEST","Male","18-24 years","Economy","None ","Rarely","0-100 MB","No","","Domestic","Less than 1 hour","Less than 5 times","No","Leisure"
"2024/10/12 10:14:41 pm EEST","Female","18-24 years","Economy","Laptop","Frequently","100-500 MB","Yes","Charging ","International","8-10 hours","Less than 5 times","No","Business"
"2024/10/12 10:15:07 pm EEST","Male","18-24 years","Economy","Smartphone","Occasionally","0-100 MB","No","","Domestic","1-3 hours","Less than 5 times","No","Leisure"
"2024/10/12 10:15:45 pm EEST","Male","18-24 years","Economy","Smartphone","Occasionally","0-100 MB","Yes","Earphone ","Domestic","Less than 1 hour","Less than 5 times","No","Leisure"
"2024/10/12 10:16:11 pm EEST","Male","18-24 years","Economy","Smartphone","Rarely","0-100 MB","No","","Domestic","Less than 1 hour","Less than 5 times","No","Leisure"
"2024/10/12 10:16:46 pm EEST","Male","18-24 years","Economy","None ","Rarely","0-100 MB","No","","Domestic","Less than 1 hour","Less than 5 times","No","Leisure"
"2024/10/12 10:17:23 pm EEST","Male","18-24 years","Economy","Smartphone","Occasionally","0-100 MB","Yes","Earphone ","Domestic","1-3 hours","Less than 5 times","No","Leisure"
"2024/10/12 10:18:13 pm EEST","Male","18-24 years","Economy","Laptop","Occasionally","100-500 MB","Yes","Charging ","Domestic","1-3 hours","6-10 times","No","Business"
"2024/10/12 10:18:55 pm EEST","Female","18-24 years","Economy","Smartphone","Occasionally","0-100 MB","Yes","Earphone ","Domestic","1-3 hours","Less than 5 times","No","Business"
"2024/10/12 10:19:24 pm EEST","Male","18-24 years","Economy","Tablet","Rarely","0-100 MB","No","","Domestic","Less than 1 hour","6-10 times","No","Business"
"2024/10/12 10:19:57 pm EEST","Male","18-24 years","Economy","Smartphone","Frequently","100-500 MB","Yes","","Domestic","1-3 hours","6-10 times","No","Business"
"2024/10/12 10:20:34 pm EEST","Male","18-24 years","Economy","Laptop","Frequently","100-500 MB","Yes","Charging ","Domestic","1-3 hours","Less than 5 times","No","Business"
"2024/10/12 10:21:09 pm EEST","Female","18-24 years","Economy","Smartphone","Rarely","0-100 MB","Yes","Earphone ","Domestic","1-3 hours","Less than 5 times","No","Leisure"
"2024/10/12 10:21:40 pm EEST","Male","18-24 years","Economy","None ","Rarely","0-100 MB","No","","Domestic","Less than 1 hour","Less than 5 times","No","Leisure"
"2024/10/12 10:22:19 pm EEST","Female","18-24 years","Economy","Smartphone","Occasionally","0-100 MB","Yes","Earphone ","Domestic","Less than 1 hour","Less than 5 times","No","Leisure"
"2024/10/12 10:23:00 pm EEST","Male","18-24 years","Economy","Smartphone","Occasionally","0-100 MB","Yes","Earphone ","Domestic","1-3 hours","Less than 5 times","No","Business"
"2024/10/12 10:23:34 pm EEST","Male","18-24 years","Economy","Smartphone","Occasionally","0-100 MB","No","","Domestic","Less than 1 hour","Less than 5 times","No","Leisure"
"2024/10/12 10:24:04 pm EEST","Female","18-24 years","Economy","Smartphone","Rarely","0-100 MB","No","","Domestic","Less than 1 hour","Less than 5 times","No","Leisure"
"2024/10/14 8:38:27 pm EEST","Male","18-24 years","Economy","Smartphone","Occasionally","0-100 MB","Yes","Earphone ","Domestic","Less than 1 hour","Less than 5 times","No","Leisure"
"2024/10/14 8:39:02 pm EEST","Male","18-24 years","Economy","None ","Rarely","0-100 MB","No","","Domestic","Less than 1 hour","Less than 5 times","No","Leisure"
"2024/10/14 8:39:29 pm EEST","Female","18-24 years","Economy","Tablet","Occasionally","0-100 MB","No","","Domestic","Less than 1 hour","Less than 5 times","No","Leisure"
"2024/10/14 8:40:06 pm EEST","Female","18-24 years","Economy","Laptop","Occasionally","0-100 MB","Yes","Earphone ","Domestic","1-3 hours","Less than 5 times","No","Business"
"2024/10/14 8:40:39 pm EEST","Female","18-24 years","Economy","Smartphone","Occasionally","0-100 MB","Yes","Earphone ","Domestic","1-3 hours","Less than 5 times","No","Business"
"2024/10/14 8:41:21 pm EEST","Male","18-24 years","Economy","None ","Occasionally","0-100 MB","No","","Domestic","Less than 1 hour","Less than 5 times","No","Leisure"
"2024/10/14 8:42:04 pm EEST","Male","18-24 years","Business","Laptop","Occasionally","100-500 MB","Yes","Charging ","Domestic","1-3 hours","Less than 5 times","No","Business"
"2024/10/14 8:42:47 pm EEST","Male","18-24 years","Business","Laptop","Frequently","100-500 MB","Yes","Charging ","Domestic","1-3 hours","6-10 times","No","Business"
"2024/10/14 8:43:16 pm EEST","Male","18-24 years","Economy","Smartphone","Occasionally","0-100 MB","No","","Domestic","Less than 1 hour","Less than 5 times","No","Leisure"
"2024/10/14 8:43:44 pm EEST","Male","18-24 years","Economy","Smartphone","Occasionally","0-100 MB","No","","Domestic","Less than 1 hour","Less than 5 times","No","Leisure"
"2024/10/14 8:44:18 pm EEST","Female","18-24 years","Economy","Smartphone","Occasionally","0-100 MB","Yes","Earphone ","Domestic","1-3 hours","Less than 5 times","No","Leisure"
"2024/10/14 8:45:04 pm EEST","Female","18-24 years","Economy","None ","Occasionally","0-100 MB","No","","Domestic","1-3 hours","Less than 5 times","No","Business"
"2024/10/14 8:45:39 pm EEST","Female","18-24 years","Economy","None ","Rarely","0-100 MB","No","","Domestic","Less than 1 hour","Less than 5 times","No","Leisure"
"2024/10/14 8:46:09 pm EEST","Female","18-24 years","Economy","Smartphone","Occasionally","0-100 MB","Yes","Earphone ","Domestic","1-3 hours","6-10 times","No","Business"
"2024/10/14 8:46:36 pm EEST","Male","18-24 years","Economy","Smartphone","Occasionally","0-100 MB","No","","Domestic","Less than 1 hour","6-10 times","No","Business"
"2024/10/14 8:47:05 pm EEST","Male","18-24 years","Economy","Smartphone","Occasionally","0-100 MB","Yes","Earphone ","Domestic","1-3 hours","Less than 5 times","No","Leisure"
"2024/10/14 8:47:28 pm EEST","Male","18-24 years","Economy","Smartphone","Rarely","0-100 MB","No","","Domestic","Less than 1 hour","Less than 5 times","No","Business"
"2024/10/14 8:48:05 pm EEST","Male","18-24 years","Business","Laptop","Occasionally","100-500 MB","Yes","Charging ","International","8-10 hours","Less than 5 times","Yes","Business"
"2024/10/14 8:48:30 pm EEST","Male","18-24 years","Economy","Smartphone","Rarely","0-100 MB","No","","Domestic","Less than 1 hour","Less than 5 times","No","Leisure"
"2024/10/14 8:49:04 pm EEST","Female","18-24 years","Business","Laptop","Occasionally","100-500 MB","Yes","Charging ","Domestic","1-3 hours","Less than 5 times","No","Business"
"2024/10/14 8:49:34 pm EEST","Male","18-24 years","Economy","Smartphone","Occasionally","0-100 MB","No","","Domestic","Less than 1 hour","6-10 times","No","Business"
"2024/10/14 8:50:14 pm EEST","Male","18-24 years","Economy","None ","Rarely","0-100 MB","No","","Domestic","Less than 1 hour","Less than 5 times","No","Leisure"
"2024/10/14 8:50:46 pm EEST","Male","18-24 years","Economy","Smartphone","Occasionally","0-100 MB","Yes","Earphone ","Domestic","Less than 1 hour","Less than 5 times","No","Business"
"2024/10/14 8:51:08 pm EEST","Male","18-24 years","Economy","Smartphone","Rarely","0-100 MB","No","","Domestic","1-3 hours","Less than 5 times","No","Leisure"
"2024/10/14 8:51:41 pm EEST","Female","18-24 years","Economy","Laptop","Occasionally","100-500 MB","Yes","Charging ","Domestic","1-3 hours","Less than 5 times","No","Business"
"2024/10/14 8:52:08 pm EEST","Female","18-24 years","Economy","Smartphone","Rarely","0-100 MB","No","","Domestic","Less than 1 hour","Less than 5 times","No","Leisure"
"2024/10/14 8:52:38 pm EEST","Male","18-24 years","Economy","Laptop","Occasionally","0-100 MB","No","","Domestic","1-3 hours","Less than 5 times","No","Business"
"2024/10/14 8:53:13 pm EEST","Male","18-24 years","Economy","Smartphone","Occasionally","0-100 MB","Yes","Earphone ","Domestic","1-3 hours","Less than 5 times","No","Leisure"
"2024/10/14 8:53:45 pm EEST","Female","18-24 years","Economy","Smartphone","Occasionally","0-100 MB","No","","Domestic","Less than 1 hour","Less than 5 times","No","Leisure"
"2024/10/14 8:54:13 pm EEST","Male","18-24 years","Economy","None ","Rarely","0-100 MB","No","","Domestic","Less than 1 hour","Less than 5 times","No","Leisure"
"2024/10/14 8:54:52 pm EEST","Female","18-24 years","Economy","Smartphone","Rarely","0-100 MB","No","","Domestic","Less than 1 hour","Less than 5 times","No","Leisure"
"2024/10/14 8:55:30 pm EEST","Female","18-24 years","Business","Laptop","Occasionally","100-500 MB","Yes","Earphone ","International","8-10 hours","Less than 5 times","No","Business"
"2024/10/14 8:55:58 pm EEST","Male","18-24 years","Economy","None ","Rarely","0-100 MB","No","","Domestic","Less than 1 hour","6-10 times","No","Business"
"2024/10/14 8:56:28 pm EEST","Male","18-24 years","Economy","Smartphone","Occasionally","0-100 MB","No","","Domestic","1-3 hours","Less than 5 times","No","Leisure"
"2024/10/14 8:57:01 pm EEST","Male","18-24 years","Economy","Smartphone","Occasionally","0-100 MB","Yes","Earphone ","Domestic","Less than 1 hour","Less than 5 times","No","Business"
"2024/10/14 8:57:42 pm EEST","Female","18-24 years","Economy","Laptop","Occasionally","0-100 MB","Yes","Earphone ","Domestic","1-3 hours","Less than 5 times","No","Leisure"
"2024/10/14 8:58:11 pm EEST","Male","18-24 years","Economy","Smartphone","Occasionally","0-100 MB","No","","Domestic","Less than 1 hour","6-10 times","No","Business"
"2024/10/14 8:58:41 pm EEST","Female","18-24 years","Economy","Laptop","Occasionally","100-500 MB","Yes","Charging ","Domestic","1-3 hours","Less than 5 times","No","Business"
"2024/10/14 8:59:02 pm EEST","Female","18-24 years","Economy","Smartphone","Rarely","0-100 MB","No","","Domestic","Less than 1 hour","Less than 5 times","No","Leisure"
"2024/10/14 9:39:42 pm EEST","Male","18-24 years","Economy","Smartphone","Rarely","0-100 MB","No","","Domestic","Less than 1 hour","Less than 5 times","No","Leisure"
"2024/10/14 9:40:07 pm EEST","Male","18-24 years","Economy","Smartphone","Occasionally","0-100 MB","No","","Domestic","1-3 hours","Less than 5 times","No","Business"
"2024/10/14 9:40:30 pm EEST","Male","18-24 years","Economy","Smartphone","Rarely","0-100 MB","No","","Domestic","1-3 hours","Less than 5 times","No","Leisure"
"2024/10/14 9:40:52 pm EEST","Female","18-24 years","Economy","Smartphone","Occasionally","0-100 MB","No","","Domestic","1-3 hours","Less than 5 times","No","Leisure"
"2024/10/14 9:41:24 pm EEST","Female","18-24 years","Economy","Smartphone","Occasionally","0-100 MB","Yes","Earphone ","Domestic","1-3 hours","Less than 5 times","No","Business"
"2024/10/14 9:41:55 pm EEST","Female","18-24 years","Economy","Smartphone","Occasionally","0-100 MB","Yes","Earphone ","Domestic","1-3 hours","Less than 5 times","No","Business"
"2024/10/14 9:42:29 pm EEST","Female","18-24 years","Business","Laptop","Occasionally","100-500 MB","Yes","Charging ","International","8-10 hours","Less than 5 times","No","Business"
"2024/10/14 9:43:04 pm EEST","Female","18-24 years","Economy","Laptop","Occasionally","100-500 MB","Yes","Charging ","Domestic","1-3 hours","Less than 5 times","No","Business"
"2024/10/14 9:43:35 pm EEST","Male","18-24 years","Economy","None ","Rarely","0-100 MB","No","","Domestic","Less than 1 hour","Less than 5 times","No","Leisure"
"2024/10/14 9:44:09 pm EEST","Female","18-24 years","Business","Smartphone","Rarely","0-100 MB","No","","Domestic","1-3 hours","Less than 5 times","No","Leisure"
"2024/10/15 9:38:40 pm EEST","Male","18-24 years","Economy","Smartphone","Rarely","0-100 MB","No","","Domestic","Less than 1 hour","Less than 5 times","No","Leisure"
"2024/10/15 9:39:12 pm EEST","Female","18-24 years","Economy","Laptop","Occasionally","0-100 MB","Yes","Earphone ","Domestic","1-3 hours","Less than 5 times","No","Business"
"2024/10/15 9:39:50 pm EEST","Male","18-24 years","Economy","Smartphone","Occasionally","0-100 MB","Yes","Earphone ","Domestic","1-3 hours","Less than 5 times","No","Business"
"2024/10/15 9:40:14 pm EEST","Male","18-24 years","Economy","Smartphone","Occasionally","0-100 MB","No","","Domestic","Less than 1 hour","6-10 times","No","Business"
"2024/10/15 9:40:38 pm EEST","Male","18-24 years","Economy","Smartphone","Occasionally","0-100 MB","No","","Domestic","1-3 hours","Less than 5 times","No","Leisure"
"2024/10/15 9:41:32 pm EEST","Male","18-24 years","Business","Smartphone","Frequently","100-500 MB","Yes","Charging ","Domestic","4-6 hours","Less than 5 times","No","Business"
"2024/10/15 9:42:05 pm EEST","Male","18-24 years","Economy","None ","Rarely","0-100 MB","No","","Domestic","Less than 1 hour","Less than 5 times","No","Leisure"
"2024/10/15 9:42:35 pm EEST","Male","18-24 years","Economy","Smartphone","Occasionally","0-100 MB","No","","Domestic","1-3 hours","Less than 5 times","No","Business"
"2024/10/15 9:43:05 pm EEST","Female","18-24 years","Economy","Smartphone","Occasionally","0-100 MB","Yes","Earphone ","Domestic","Less than 1 hour","6-10 times","No","Business"
"2024/10/15 9:43:40 pm EEST","Female","18-24 years","Business","Smartphone","Frequently","100-500 MB","Yes","Earphone ","International","8-10 hours","Less than 5 times","No","Business"
"2024/10/15 9:44:04 pm EEST","Female","18-24 years","Economy","Smartphone","Rarely","0-100 MB","No","","Domestic","Less than 1 hour","Less than 5 times","No","Leisure"
"2024/10/15 9:44:42 pm EEST","Female","18-24 years","Economy","Smartphone","Occasionally","0-100 MB","Yes","Earphone ","Domestic","Less than 1 hour","Less than 5 times","No","Leisure"
"2024/10/15 9:45:09 pm EEST","Male","18-24 years","Economy","Smartphone","Occasionally","0-100 MB","No","","Domestic","Less than 1 hour","Less than 5 times","No","Leisure"
"2024/10/15 9:45:37 pm EEST","Male","18-24 years","Economy","Smartphone","Rarely","0-100 MB","No","","Domestic","1-3 hours","Less than 5 times","No","Leisure"
"2024/10/15 9:46:16 pm EEST","Female","18-24 years","Economy","Laptop","Occasionally","0-100 MB","No","","Domestic","1-3 hours","Less than 5 times","No","Business"
"2024/10/15 9:46:49 pm EEST","Male","18-24 years","Economy","None ","Rarely","0-100 MB","No","","Domestic","Less than 1 hour","Less than 5 times","No","Leisure"
"2024/10/15 9:47:25 pm EEST","Male","18-24 years","Economy","Smartphone","Occasionally","0-100 MB","Yes","Earphone ","Domestic","1-3 hours","6-10 times","No","Business"
"2024/10/15 9:47:54 pm EEST","Female","18-24 years","Economy","Smartphone","Occasionally","0-100 MB","No","","Domestic","Less than 1 hour","6-10 times","No","Business"
"2024/10/18 8:00:38 pm EEST","Male","18-24 years","Economy","Tablet","Occasionally","0-100 MB","No","","Domestic","Less than 1 hour","Less than 5 times","No","Leisure"
"2024/10/18 8:01:16 pm EEST","Male","18-24 years","Economy","Laptop","Occasionally","0-100 MB","Yes","Earphone ","Domestic","Less than 1 hour","Less than 5 times","No","Business"
"2024/10/18 8:01:47 pm EEST","Female","18-24 years","Economy","Smartphone","Frequently","100-500 MB","Yes","Charging ","Domestic","1-3 hours","6-10 times","No","Business"
"2024/10/18 8:02:08 pm EEST","Female","18-24 years","Economy","Smartphone","Rarely","0-100 MB","No","","Domestic","Less than 1 hour","Less than 5 times","No","Leisure"
"2024/10/18 8:02:31 pm EEST","Male","18-24 years","Economy","Smartphone","Occasionally","0-100 MB","No","","Domestic","Less than 1 hour","Less than 5 times","No","Leisure"
"2024/10/18 8:02:59 pm EEST","Female","18-24 years","Business","Smartphone","Frequently","100-500 MB","Yes","Charging ","Domestic","1-3 hours","6-10 times","No","Business"
"2024/10/18 8:03:30 pm EEST","Female","18-24 years","Economy","None ","Occasionally","0-100 MB","No","","Domestic","Less than 1 hour","6-10 times","No","Leisure"
"2024/10/18 8:04:00 pm EEST","Male","18-24 years","Economy","Smartphone","Frequently","100-500 MB","Yes","Charging ","Domestic","4-6 hours","Less than 5 times","No","Business"
"2024/10/18 8:04:28 pm EEST","Male","18-24 years","Economy","Smartphone","Occasionally","0-100 MB","Yes","Earphone ","Domestic","1-3 hours","Less than 5 times","No","Business"
"2024/10/18 8:04:56 pm EEST","Male","18-24 years","Economy","Smartphone","Occasionally","0-100 MB","Yes","Earphone ","Domestic","Less than 1 hour","6-10 times","No","Business"
"2024/10/18 8:05:30 pm EEST","Male","18-24 years","Economy","Smartphone","Occasionally","0-100 MB","Yes","Earphone ","Domestic","Less than 1 hour","Less than 5 times","No","Leisure"
"2024/10/18 8:06:07 pm EEST","Female","18-24 years","Business","Laptop","Frequently","100-500 MB","Yes","Charging ","International","8-10 hours","Less than 5 times","Yes","Business"
"2024/10/18 8:06:33 pm EEST","Male","18-24 years","Economy","Smartphone","Occasionally","0-100 MB","No","","Domestic","Less than 1 hour","6-10 times","No","Business"
"2024/10/18 8:07:03 pm EEST","Male","18-24 years","Economy","Smartphone","Occasionally","0-100 MB","No","","Domestic","Less than 1 hour","6-10 times","No","Business"
"2024/10/18 8:07:33 pm EEST","Male","18-24 years","Economy","Smartphone","Occasionally","100-500 MB","Yes","Earphone ","Domestic","1-3 hours","Less than 5 times","No","Business"
"2024/10/18 8:08:05 pm EEST","Male","18-24 years","Economy","Tablet","Occasionally","100-500 MB","Yes","Charging ","Domestic","1-3 hours","Less than 5 times","No","Leisure"
"2024/10/18 8:08:37 pm EEST","Male","18-24 years","Economy","Smartphone","Occasionally","100-500 MB","Yes","Earphone ","Domestic","1-3 hours","Less than 5 times","No","Leisure"
"2024/10/18 8:09:06 pm EEST","Female","18-24 years","Economy","Smartphone","Frequently","100-500 MB","Yes","Earphone ","Domestic","1-3 hours","Less than 5 times","No","Business"
"2024/10/18 8:09:36 pm EEST","Male","18-24 years","Economy","None ","Rarely","0-100 MB","No","","Domestic","Less than 1 hour","Less than 5 times","No","Leisure"
"2024/10/18 8:09:57 pm EEST","Male","18-24 years","Economy","Smartphone","Occasionally","0-100 MB","No","","Domestic","Less than 1 hour","Less than 5 times","No","Leisure"
"2024/10/18 8:10:41 pm EEST","Male","18-24 years","Business","Laptop","Frequently","100-500 MB","Yes","Earphone ","International","8-10 hours","Less than 5 times","No","Business"
"2024/10/18 8:11:09 pm EEST","Female","18-24 years","Economy","Smartphone","Occasionally","0-100 MB","Yes","Earphone ","Domestic","1-3 hours","Less than 5 times","No","Leisure"
"2024/10/18 8:11:30 pm EEST","Male","18-24 years","Economy","Smartphone","Occasionally","0-100 MB","No","","Domestic","Less than 1 hour","6-10 times","No","Business"
"2024/10/19 8:17:51 am EEST","Male","18-24 years","Economy","Smartphone","Occasionally","0-100 MB","No","","Domestic","Less than 1 hour","Less than 5 times","No","Leisure"
"2024/10/19 8:18:21 am EEST","Female","18-24 years","Economy","Smartphone","Occasionally","0-100 MB","Yes","Earphone ","Domestic","Less than 1 hour","Less than 5 times","No","Leisure"
"2024/10/19 8:18:44 am EEST","Male","18-24 years","Economy","Smartphone","Rarely","0-100 MB","No","","Domestic","Less than 1 hour","Less than 5 times","No","Leisure"
"2024/10/19 8:19:11 am EEST","Male","18-24 years","Economy","Smartphone","Occasionally","0-100 MB","No","","Domestic","1-3 hours","Less than 5 times","No","Business"
"2024/10/19 8:20:01 am EEST","Female","18-24 years","Business","Laptop","Frequently","100-500 MB","Yes","Charging ","Domestic","8-10 hours","Less than 5 times","Yes","Business"
"2024/10/19 8:20:30 am EEST","Male","18-24 years","Economy","Smartphone","Occasionally","0-100 MB","Yes","Earphone ","Domestic","1-3 hours","Less than 5 times","No","Business"
"2024/10/19 8:20:55 am EEST","Male","18-24 years","Economy","Smartphone","Rarely","0-100 MB","No","","Domestic","1-3 hours","Less than 5 times","No","Leisure"
"2024/10/19 8:21:33 am EEST","Female","18-24 years","Economy","Smartphone","Occasionally","0-100 MB","No","","Domestic","1-3 hours","Less than 5 times","No","Leisure"
"2024/10/19 8:22:12 am EEST","Male","18-24 years","Economy","None ","Rarely","0-100 MB","No","","Domestic","Less than 1 hour","Less than 5 times","No","Leisure"
"2024/10/19 8:22:39 am EEST","Female","18-24 years","Economy","Smartphone","Occasionally","0-100 MB","Yes","Earphone ","Domestic","1-3 hours","Less than 5 times","No","Business"
"2024/10/19 8:23:16 am EEST","Male","18-24 years","Economy","Laptop","Frequently","100-500 MB","Yes","Charging ","Domestic","4-6 hours","Less than 5 times","No","Business"
"2024/10/19 8:23:40 am EEST","Female","18-24 years","Economy","Smartphone","Occasionally","0-100 MB","No","","Domestic","1-3 hours","Less than 5 times","No","Leisure"
"2024/10/19 8:24:13 am EEST","Male","18-24 years","Economy","Smartphone","Rarely","0-100 MB","No","","Domestic","Less than 1 hour","6-10 times","No","Business"
"2024/10/19 8:24:44 am EEST","Male","18-24 years","Economy","Smartphone","Occasionally","0-100 MB","No","","Domestic","Less than 1 hour","6-10 times","No","Business"
"2024/10/19 8:25:12 am EEST","Female","18-24 years","Economy","Smartphone","Occasionally","0-100 MB","Yes","Earphone ","Domestic","Less than 1 hour","6-10 times","No","Business"
"2024/10/19 8:25:39 am EEST","Male","18-24 years","Economy","Smartphone","Occasionally","0-100 MB","Yes","Earphone ","Domestic","Less than 1 hour","Less than 5 times","No","Leisure"
"2024/10/20 7:21:26 pm EEST","Female","18-24 years","Economy","Smartphone","Occasionally","0-100 MB","Yes","Earphone ","Domestic","Less than 1 hour","6-10 times","No","Business"
"2024/10/20 7:22:00 pm EEST","Female","18-24 years","Economy","Laptop","Occasionally","0-100 MB","Yes","Earphone ","Domestic","Less than 1 hour","6-10 times","No","Business"
"2024/10/20 7:22:24 pm EEST","Male","18-24 years","Economy","Smartphone","Occasionally","0-100 MB","No","","Domestic","Less than 1 hour","Less than 5 times","No","Leisure"
"2024/10/20 7:22:47 pm EEST","Female","18-24 years","Economy","Smartphone","Rarely","0-100 MB","No","","Domestic","Less than 1 hour","Less than 5 times","No","Leisure"
"2024/10/20 7:23:18 pm EEST","Male","18-24 years","Business","Laptop","Frequently","100-500 MB","Yes","Charging ","Domestic","1-3 hours","Less than 5 times","No","Business"
"2024/10/20 7:23:51 pm EEST","Male","18-24 years","Economy","None ","Rarely","0-100 MB","No","","Domestic","Less than 1 hour","Less than 5 times","No","Leisure"
"2024/10/20 7:24:16 pm EEST","Male","18-24 years","Economy","Smartphone","Occasionally","0-100 MB","Yes","Earphone ","Domestic","1-3 hours","Less than 5 times","No","Leisure"
"2024/10/20 7:24:45 pm EEST","Male","18-24 years","Economy","Smartphone","Occasionally","0-100 MB","Yes","Earphone ","Domestic","Less than 1 hour","Less than 5 times","No","Business"
"2024/10/20 7:25:11 pm EEST","Male","18-24 years","Economy","Laptop","Occasionally","0-100 MB","Yes","Charging ","Domestic","1-3 hours","Less than 5 times","No","Business"
"2024/10/20 7:25:43 pm EEST","Male","18-24 years","Economy","Smartphone","Occasionally","0-100 MB","Yes","Earphone ","Domestic","1-3 hours","Less than 5 times","No","Business"
"2024/10/20 7:26:12 pm EEST","Male","18-24 years","Economy","None ","Rarely","0-100 MB","No","","Domestic","Less than 1 hour","Less than 5 times","No","Leisure"
"2024/10/20 7:26:44 pm EEST","Female","18-24 years","Economy","Smartphone","Occasionally","0-100 MB","Yes","Earphone ","Domestic","1-3 hours","Less than 5 times","No","Leisure"
"2024/10/20 7:27:25 pm EEST","Male","18-24 years","Business","Smartphone","Frequently","100-500 MB","Yes","Charging ","International","8-10 hours","Less than 5 times","No","Business"
"2024/10/20 7:27:55 pm EEST","Male","18-24 years","Economy","Smartphone","Occasionally","0-100 MB","Yes","Earphone ","Domestic","1-3 hours","Less than 5 times","No","Leisure"
"2024/10/20 7:28:26 pm EEST","Male","18-24 years","Economy","Smartphone","Occasionally","0-100 MB","Yes","Earphone ","Domestic","1-3 hours","Less than 5 times","No","Business"
"2024/10/20 7:29:04 pm EEST","Female","18-24 years","Business","Laptop","Occasionally","100-500 MB","Yes","Charging ","Domestic","8-10 hours","Less than 5 times","No","Business"
"2024/10/20 7:29:25 pm EEST","Male","18-24 years","Economy","Smartphone","Occasionally","0-100 MB","No","","Domestic","1-3 hours","Less than 5 times","No","Leisure"
"2024/10/20 7:29:50 pm EEST","Female","18-24 years","Economy","Smartphone","Occasionally","0-100 MB","No","","Domestic","1-3 hours","Less than 5 times","No","Leisure"
"2024/10/20 7:30:23 pm EEST","Female","18-24 years","Economy","None ","Rarely","0-100 MB","No","","Domestic","Less than 1 hour","Less than 5 times","No","Leisure"
"2024/10/20 7:30:51 pm EEST","Female","18-24 years","Economy","Smartphone","Occasionally","0-100 MB","Yes","Earphone ","Domestic","1-3 hours","Less than 5 times","No","Leisure"
"2024/10/20 7:31:20 pm EEST","Female","18-24 years","Economy","Smartphone","Rarely","0-100 MB","No","","Domestic","Less than 1 hour","6-10 times","No","Leisure"
"2024/10/20 7:31:44 pm EEST","Male","18-24 years","Economy","Smartphone","Rarely","0-100 MB","No","","Domestic","Less than 1 hour","6-10 times","No","Business"
"2024/10/20 7:32:13 pm EEST","Female","18-24 years","Economy","Laptop","Frequently","100-500 MB","Yes","Earphone ","Domestic","1-3 hours","6-10 times","No","Business"
"2024/10/20 7:32:34 pm EEST","Female","18-24 years","Economy","Smartphone","Rarely","0-100 MB","No","","Domestic","1-3 hours","Less than 5 times","No","Leisure"
"2024/10/20 7:33:02 pm EEST","Male","18-24 years","Economy","Smartphone","Occasionally","0-100 MB","Yes","Earphone ","Domestic","Less than 1 hour","Less than 5 times","No","Leisure"
"2024/10/20 7:33:23 pm EEST","Female","18-24 years","Economy","Smartphone","Occasionally","0-100 MB","No","","Domestic","Less than 1 hour","Less than 5 times","No","Leisure"
"2024/10/20 7:33:51 pm EEST","Male","18-24 years","Economy","None ","Rarely","0-100 MB","No","","Domestic","Less than 1 hour","Less than 5 times","No","Leisure"
"2024/10/20 7:34:20 pm EEST","Female","18-24 years","Economy","Smartphone","Occasionally","0-100 MB","Yes","Earphone ","Domestic","1-3 hours","Less than 5 times","No","Business"
"2024/10/20 7:34:45 pm EEST","Male","18-24 years","Economy","Smartphone","Frequently","100-500 MB","Yes","Charging ","Domestic","1-3 hours","Less than 5 times","No","Business"
"2024/10/20 7:35:28 pm EEST","Female","18-24 years","Business","Smartphone","Frequently","100-500 MB","Yes","Charging ","International","8-10 hours","Less than 5 times","No","Business"
"2024/10/20 7:35:59 pm EEST","Male","18-24 years","Economy","Smartphone","Occasionally","0-100 MB","Yes","Charging ","Domestic","1-3 hours","Less than 5 times","No","Business"
"2024/10/20 7:36:27 pm EEST","Female","18-24 years","Economy","Smartphone","Occasionally","0-100 MB","Yes","Earphone ","Domestic","1-3 hours","Less than 5 times","No","Business"
"2024/10/20 7:38:21 pm EEST","Male","18-24 years","Economy","Smartphone","Occasionally","0-100 MB","Yes","Earphone ","Domestic","Less than 1 hour","Less than 5 times","No","Leisure"
"2024/10/20 7:39:15 pm EEST","Female","18-24 years","Economy","None ","Rarely","0-100 MB","No","","Domestic","Less than 1 hour","Less than 5 times","No","Leisure"